{
    "normals": [-0.61211,0.385327,0.690512,-0.707083,0,-0.707083,-0.707083,0,0.707083,-0.605823,0.795556,0,-0.61211,0.385327,-0.690512,0.61211,0.385327,-0.690512,0.707083,0,-0.707083,0.707083,0,0.707083,0.605823,0.795556,0,0.61211,0.385327,0.690512],
    "metadata": {
        "normals": 10,
        "faces": 10,
        "type": "Geometry",
        "generator": "io_three",
        "version": 3,
        "vertices": 10
    },
    "faces": [32,1,2,0,0,1,2,32,8,3,2,3,4,1,32,1,8,2,0,3,1,33,3,7,6,2,4,5,6,1,32,7,4,6,5,7,6,32,9,5,4,8,9,7,32,7,9,4,5,8,7,33,0,4,5,1,2,7,9,0,33,9,7,3,8,8,5,4,3,33,5,9,8,1,9,8,3,0],
    "vertices": [-0.906468,0,-0.093532,-0.906468,0.585444,-0.093532,-0.906468,0,-0.906468,-0.906468,0.585444,-0.906468,-0.093532,0,-0.093532,-0.093532,0.585444,-0.093532,-0.093532,0,-0.906468,-0.093532,0.585444,-0.906468,-0.906468,0.8362,-0.5,-0.093532,0.8362,-0.5],
    "name": "Cube.001Geometry"
}