{
    "name": "CubeGeometry",
    "metadata": {
        "faces": 5,
        "uvs": 0,
        "type": "Geometry",
        "generator": "io_three",
        "version": 3,
        "vertices": 8
    },
    "faces": [1,4,7,6,5,1,0,4,5,1,1,1,5,6,2,1,2,6,7,3,1,4,0,3,7],
    "vertices": [-0.09074,0,-0.839572,-0.09074,0,-0.119089,-0.839573,0,-0.119089,-0.839572,0,-0.839573,-0.090739,0.726012,-0.839572,-0.09074,0.726012,-0.119089,-0.839573,0.726012,-0.119089,-0.839572,0.726012,-0.839572],
    "uvs": []
}