{
    "name": "Cube.001Geometry",
    "metadata": {
        "faces": 5,
        "uvs": 0,
        "type": "Geometry",
        "generator": "io_three",
        "version": 3,
        "vertices": 8
    },
    "faces": [1,2,0,1,3,1,3,7,6,2,1,7,5,4,6,1,0,4,5,1,1,5,7,3,1],
    "vertices": [-0.845434,0,0.845434,-0.845434,2.54603,0.845434,-0.845434,0,-0.845434,-0.845434,2.54603,-0.845434,0.845434,0,0.845434,0.845434,2.54603,0.845434,0.845434,0,-0.845434,0.845434,2.54603,-0.845434],
    "uvs": []
}