{
    "uvs": [],
    "normals": [0,0.437361,-0.899258,0,0.940153,-0.340709,0.416211,0.907498,-0.056246,0.8623,0.407758,-0.30018,0.259987,0.840846,0.474685,0.573992,0.319712,0.753838,-0.259987,0.840846,0.474685,-0.573992,0.319712,0.753838,-0.416211,0.907498,-0.056246,-0.8623,0.407758,-0.30018,0,-0.595691,-0.803186,-0.472091,-0.595691,0.6498,-0.763878,-0.595691,-0.248177,0.763878,-0.595691,-0.248177,0.472091,-0.595691,0.6498],
    "vertices": [0,4.33954,-1,0,4.92157,-0.504809,0.951057,4.33954,-0.309017,0.612001,4.92157,-0.060165,0.587785,4.33954,0.809017,0.378237,4.92157,0.659286,-0.587785,4.33954,0.809017,-0.378237,4.92157,0.659286,-0.951056,4.33954,-0.309017,-0.612001,4.92157,-0.060165,0,4.64465,-1,0.951057,4.64465,-0.309017,0.587785,4.64465,0.809017,-0.587785,4.64465,0.809017,-0.951056,4.64465,-0.309017],
    "faces": [33,10,1,3,11,0,1,2,3,33,11,3,5,12,3,2,4,5,33,12,5,7,13,5,4,6,7,32,3,7,5,2,6,4,32,1,9,7,1,8,6,32,3,1,7,2,1,6,33,14,9,1,10,9,8,1,0,33,13,7,9,14,7,6,8,9,32,0,6,8,10,11,12,32,2,4,6,13,14,11,32,0,2,6,10,13,11,33,6,13,14,8,11,7,9,12,33,10,0,8,14,0,10,12,9,33,4,12,13,6,14,5,7,11,33,2,11,12,4,13,3,5,14,33,0,10,11,2,10,0,3,13],
    "metadata": {
        "type": "Geometry",
        "uvs": 0,
        "normals": 15,
        "version": 3,
        "vertices": 15,
        "faces": 16,
        "generator": "io_three"
    },
    "name": "Cylinder.002Geometry"
}