{
    "uvs": [],
    "normals": [-0.412793,0.179785,-0.89288,-0.114505,0.629292,-0.768639,0.771661,0.400861,-0.493759,0.641346,-0.403729,-0.652394,0.782922,0.376751,0.49501,0.714927,-0.441328,0.542283,-0.085574,0.522752,0.84817,-0.38023,0.149846,0.912656,-0.531968,0.844752,0.058229,-0.925199,0.379315,0.009369,-0.318796,-0.54619,-0.77459,-0.259316,-0.607929,0.75042,-0.838496,-0.544786,0.008301,0.590258,-0.612445,-0.525773,0.627583,-0.655568,0.419904,-0.211768,0.382183,0.899472,-0.265206,0.587817,0.764244,-0.764794,0.639668,0.076693,-0.874355,0.48262,0.050417,-0.356212,0.608356,-0.70922,-0.271096,0.502762,-0.820795,0.783288,0.359996,0.50676,0.662831,0.486862,0.568834,0.730186,0.424512,-0.535295,0.661733,0.491287,-0.566301],
    "vertices": [-1.17152,0.028784,-0.425163,-0.458434,1.71535,-0.238985,-0.533835,0.035616,-0.246377,0.026702,1.72218,-0.102969,-0.506753,0.035167,0.415463,0.047305,1.72174,0.400547,-1.1277,0.028057,0.645717,-0.425098,1.71463,0.575719,-1.53854,0.024112,0.126181,-0.656456,1.71068,0.180466,-1.06551,0.383204,-0.107959,-0.889725,1.18923,-0.234743,-0.493788,1.00106,-0.123734,-0.739981,0.388821,-0.016691,-0.476973,1.00062,0.287203,-0.726156,0.388452,0.321172,-0.862518,1.1885,0.430167,-1.04314,0.382606,0.438714,-1.11761,1.18456,0.107587,-1.25287,0.379363,0.173496,-0.504248,0.232027,-0.229918,-1.50896,0.220523,0.14264,-1.09811,0.224469,0.662176,-0.477166,0.231578,0.431923,-1.14193,0.225195,-0.408704],
    "faces": [33,11,1,3,12,0,1,2,3,33,12,3,5,14,3,2,4,5,33,14,5,7,16,5,4,6,7,32,3,7,5,2,6,4,32,1,9,7,1,8,6,32,3,1,7,2,1,6,33,18,9,1,11,9,8,1,0,33,16,7,9,18,7,6,8,9,32,0,6,8,10,11,12,32,2,4,6,13,14,11,32,0,2,6,10,13,11,33,22,17,19,21,15,16,17,18,33,17,16,18,19,16,7,9,17,33,21,19,10,24,18,17,19,20,33,19,18,11,10,17,9,0,19,33,23,15,17,22,21,22,16,15,33,15,14,16,17,22,5,7,16,33,20,13,15,23,23,24,22,21,33,13,12,14,15,24,3,5,22,33,24,10,13,20,20,19,24,23,33,10,11,12,13,19,0,3,24,33,0,24,20,2,10,20,23,13,33,2,20,23,4,13,23,21,14,33,4,23,22,6,14,21,15,11,33,24,0,8,21,20,10,12,18,33,6,22,21,8,11,15,18,12],
    "metadata": {
        "type": "Geometry",
        "uvs": 0,
        "normals": 25,
        "version": 3,
        "vertices": 25,
        "faces": 26,
        "generator": "io_three"
    },
    "name": "CylinderGeometry.2"
}