{
    "uvs": [],
    "normals": [0.872585,0.483169,-0.0712,0.666433,0.452284,-0.592669,0.522568,0.723838,-0.450453,0.678823,0.734062,-0.016999,-0.872585,0.483169,-0.0712,-0.587725,0.506851,0.630573,-0.373089,0.789636,0.487045,-0.678823,0.734062,-0.016999,0.649007,-0.760216,-0.028687,0.587725,0.506851,0.630573,0.530808,-0.632618,0.563891,0,-0.67568,0.737175,0,0.59505,0.803674,-0.530808,-0.632618,0.563891,-0.649007,-0.760216,-0.028687,-0.666433,0.452284,-0.592669,-0.513382,-0.757836,-0.40257,0,0.401624,-0.915799,0,-0.757561,-0.65273,0.513382,-0.757836,-0.40257,0,0.661672,0.749779,-0.522568,0.723838,-0.450453,-0.772179,0.635121,-0.018036,-0.580187,0.641621,-0.501633,0,0.782891,-0.62215,0.373089,0.789636,0.487045,0,0.608783,-0.793329,0.772179,0.635121,-0.018036,0.580187,0.641621,-0.501633,0,0.68569,0.727866,0.491379,0.603961,0.627491,-0.491379,0.603961,0.627491],
    "vertices": [0.616722,1.68092,-0.196334,0.776531,1.68092,0.7882,-0.776531,1.68092,0.7882,-0.616722,1.68092,-0.196334,1,3.97857,-1,0.999999,3.97857,1,-0.999999,3.97857,1,-1,3.97857,-1,0,1.68092,-0.573188,0,1.68092,0.998644,0,3.97857,-1.58861,0,3.97857,1.09845,0.776531,1.68092,0.270085,-0.776531,1.68092,0.270085,1.37888,3.97857,-0.070353,-1.37888,3.97857,-0.070353,0.22049,4.14407,0.15902,0.304028,4.14407,-0.076983,0,4.14407,-0.411744,-0.22049,4.14407,-0.281961,0,4.14407,0.180727,-0.22049,4.14407,0.15902,-0.304028,4.14407,-0.076983,0.22049,4.14407,-0.281961,0.22049,4.43424,-0.281961,0,4.43424,-0.411744,0.304028,4.43424,-0.076983,0.22049,4.43424,0.15902,0,4.43424,0.180727,-0.22049,4.43424,-0.281961,-0.22049,4.43424,0.15902,-0.304028,4.43424,-0.076983],
    "faces": [33,14,4,23,17,0,1,2,3,33,15,6,21,22,4,5,6,7,33,12,14,5,1,8,0,9,10,33,9,11,6,2,11,12,5,13,33,13,15,7,3,14,4,15,16,33,10,8,3,7,17,18,16,15,33,4,0,8,10,1,19,18,17,33,1,5,11,9,10,9,12,11,33,6,11,20,21,5,12,20,6,32,12,8,0,8,18,19,32,13,3,8,14,16,18,32,9,2,13,11,13,14,32,12,1,9,8,10,11,32,12,13,8,8,14,18,32,12,9,13,8,11,14,33,19,22,31,29,21,7,22,23,33,7,15,22,19,15,4,7,21,33,2,6,15,13,13,5,4,14,33,0,4,14,12,19,1,0,8,33,10,7,19,18,17,15,21,24,33,4,10,18,23,1,17,24,2,33,11,5,16,20,12,9,25,20,33,5,14,17,16,9,0,3,25,32,31,25,29,22,26,23,32,26,24,25,27,28,26,32,28,27,26,29,30,27,32,31,30,28,22,31,29,32,31,26,25,22,27,26,32,31,28,26,22,29,27,33,22,21,30,31,7,6,31,22,33,17,23,24,26,3,2,28,27,33,21,20,28,30,6,20,29,31,33,18,19,29,25,24,21,23,26,33,20,16,27,28,20,25,30,29,33,16,17,26,27,25,3,27,30,33,23,18,25,24,2,24,26,28],
    "metadata": {
        "type": "Geometry",
        "uvs": 0,
        "normals": 32,
        "version": 3,
        "vertices": 32,
        "faces": 36,
        "generator": "io_three"
    },
    "name": "CubeGeometry"
}