{
    "uvs": [],
    "normals": [-0.065859,0.220222,-0.973205,-0.004822,-0.568377,-0.822718,-0.116642,-0.307352,-0.944395,-0.764244,0.498856,-0.408673,-0.46556,0.086978,0.880703,-0.840754,0.514054,-0.169836,-0.464492,0.349864,0.813501,0.09949,-0.679586,0.726798,-0.332591,-0.641591,0.691153,0.431898,-0.089633,0.897427,0.343272,-0.450575,-0.824061,0.852077,0.144963,-0.502914,0.525681,0.309885,0.792199,0.876553,0.365276,-0.313273,0.529588,0.061403,-0.846004,0.750725,-0.325755,0.574694,0.684408,-0.662099,-0.305216,0.47322,0.827723,-0.301431,0.562792,0.600513,0.567949,0.311869,-0.393078,0.864986,0.56267,-0.784478,-0.260598,0.354472,-0.501053,0.789453,0.834468,-0.448836,-0.31962,-0.077548,0.135929,-0.987671,-0.020631,0.130497,-0.991211,-0.366497,0.466628,0.804926,-0.664876,0.045808,0.745537,-0.595447,0.774132,-0.214759,-0.887722,0.368847,-0.27543,-0.772332,-0.631886,-0.064486,-0.173956,-0.600909,0.780114,0.680044,-0.553667,0.480544,0.024567,0.027802,-0.999298,0.015931,-0.582049,-0.812983,0.840541,-0.531938,0.102329,0.46498,-0.545457,0.697317,0.570147,-0.729148,-0.37846,-0.226814,-0.241768,-0.943419,-0.686972,-0.311777,0.656362,-0.767022,-0.40611,0.496689,-0.520737,-0.571184,-0.634449],
    "vertices": [-1.0994,3.47839,-0.179354,-2.12445,2.07258,-0.262351,-1.0994,3.70157,-0.017204,-2.34734,2.08385,-0.223542,-1.0994,3.61632,0.245161,-2.26221,2.07954,0.038822,-1.0994,3.34046,0.245161,-2.0395,2.06562,0.038822,-1.0994,3.25521,-0.017204,-1.95436,2.06131,-0.223542,-1.63503,3.30079,-0.094478,-1.97219,2.81638,-0.190276,-2.17091,2.91796,-0.028126,-1.81261,3.48574,0.091807,-2.09501,2.87916,0.234239,-1.74478,3.4151,0.393222,-1.84937,2.75359,0.234239,-1.52529,3.18648,0.393222,-1.77347,2.71479,-0.028126,-1.45746,3.11584,0.091807,-2.14685,2.29474,-0.249348,-2.23815,2.31034,-0.121387,-2.18279,2.30035,0.055074,-2.05727,2.27857,0.036172,-2.0019,2.26857,-0.14029,-2.36854,2.02557,-0.01299,-2.4597,1.98915,-0.2512,-2.54702,2.10798,-0.110017,-2.48103,2.12769,0.04866,-2.42103,1.8006,-0.103415,-2.51987,1.73092,-0.260084,-2.60506,1.73828,-0.121061,-2.51878,1.74438,0.01562,-1.85662,1.96247,-0.102046,-1.9249,1.96143,0.078768,-1.83864,2.03893,0.096475,-1.79883,2.03569,-0.084379,-1.8699,1.76521,-0.112151,-1.90044,1.83718,0.064565,-1.79459,1.79199,0.087228,-1.77657,1.74519,-0.091066],
    "faces": [33,20,1,3,21,0,1,2,3,33,22,21,27,28,4,3,5,6,33,22,5,7,23,4,7,8,9,32,3,7,5,2,8,7,32,1,9,7,1,10,8,32,3,1,7,2,1,8,33,24,9,1,20,11,10,1,0,33,24,23,35,36,11,9,12,13,32,0,6,8,14,15,16,32,2,4,6,17,18,15,32,0,2,6,14,17,15,33,6,17,19,8,15,19,20,16,33,17,16,18,19,19,21,22,20,33,10,0,8,19,23,14,16,20,33,19,18,11,10,20,22,24,23,33,4,15,17,6,18,25,19,15,33,15,14,16,17,25,26,21,19,33,2,13,15,4,17,27,25,18,33,13,12,14,15,27,28,26,25,33,0,10,13,2,14,23,27,17,33,10,11,12,13,23,24,28,27,33,16,23,24,18,21,9,11,22,33,18,24,20,11,22,11,0,24,33,14,22,23,16,26,4,9,21,33,12,21,22,14,28,3,4,26,33,11,20,21,12,24,0,3,28,33,28,27,31,32,6,5,29,30,33,5,22,28,25,7,4,6,31,33,21,3,26,27,3,2,32,5,33,3,5,25,26,2,7,31,32,33,31,30,29,32,29,33,34,30,33,25,28,32,29,31,6,30,34,33,27,26,30,31,5,32,33,29,33,26,25,29,30,32,31,34,33,33,36,35,39,40,13,12,35,36,33,9,24,36,33,10,11,13,37,33,23,7,34,35,9,8,38,12,33,7,9,33,34,8,10,37,38,33,39,38,37,40,35,39,40,36,33,33,36,40,37,37,13,36,40,33,35,34,38,39,12,38,39,35,33,34,33,37,38,38,37,40,39],
    "metadata": {
        "type": "Geometry",
        "uvs": 0,
        "normals": 41,
        "version": 3,
        "vertices": 41,
        "faces": 42,
        "generator": "io_three"
    },
    "name": "Cylinder.001Geometry.2"
}